{"conv_filters_1": 256, "conv_filters_2": 32, "conv_filters_3": 64, "dense_units_1": 256, "dense_units_2": 64, "dropout_rate_1": 0.30000000000000004, "dropout_rate_2": 0.30000000000000004, "learning_rate": 0.0024764087620006126, "batch_size": 32}