{"hidden_size": 32, "hidden_continuous_size": 32, "attention_head_size": 5, "learning_rate": 0.0006541326221236705, "dropout": 0.35000000000000003, "batch_size": 256}