{"hidden_size": 64, "hidden_continuous_size": 8, "attention_head_size": 7, "learning_rate": 0.00036643720185562185, "dropout": 0.35000000000000003, "batch_size": 32}