{"conv_filters_1": 256, "conv_filters_2": 64, "conv_filters_3": 256, "dense_units_1": 256, "dense_units_2": 256, "dropout_rate_1": 0.35000000000000003, "dropout_rate_2": 0.5, "learning_rate": 0.0013095737391963752, "batch_size": 64}